arm,image,new_outcome,success,clipped_frac,baseline_target_confidence,new_target_confidence
ring,IMG_20250504_194232.jpg,missed,False,0.022478304168445012,0.19291949272155762,0.6430785059928894
ring,IMG_20250504_203737.jpg,missed,False,0.02478134110787172,0.10434982180595398,0.3286672830581665
ring,IMG_20250504_205426.jpg,0.5kg,False,0.033974072418417524,0.01832490973174572,0.08574450761079788
ring,IMG_20250504_194108.jpg,1.5kg,True,0.02719465648854962,0.22644676268100739,0.8133257031440735
ring,IMG_20250504_205446.jpg,missed,False,0.03222222222222222,0.01785123720765114,0.46558287739753723
ring,IMG_20250504_210306.jpg,0.5kg,False,0.02111566341002206,0.010142688639461994,0.015594448894262314
ring,IMG_20250504_203748.jpg,missed,False,0.024760286442529433,0.02388220839202404,0.6735330820083618
ring,IMG_20250504_210307.jpg,missed,False,0.019873222545828337,0.04239504039287567,0.2902054786682129
ring,IMG_20250504_205119.jpg,0.5kg,False,0.026715899218071243,0.02258281596004963,0.10620027035474777
ring,IMG_20250504_205439.jpg,0.5kg,False,0.032709226257613355,0.0,0.02105627954006195
ring,IMG_20250504_203156.jpg,missed,False,0.021663889244968593,0.3025513291358948,0.14777886867523193
ring,IMG_20250504_205430.jpg,0.5kg,False,0.031469323069956985,0.013852212578058243,0.07390082627534866
ring,IMG_20250504_205424.jpg,0.5kg,False,0.02997275204359673,0.01110319048166275,0.0348285473883152
ring,IMG_20250504_194227.jpg,missed,False,0.023080093419425744,0.1477576047182083,0.5810920596122742
ring,IMG_20250504_203819.jpg,missed,False,0.02259814049586777,0.30396878719329834,0.7634119987487793
ring,IMG_20250504_205111.jpg,0.5kg,False,0.03435934144595562,0.016107875853776932,0.025881770998239517
ring,IMG_20250504_194215.jpg,missed,False,0.02045097011012061,0.08208996802568436,0.35251837968826294
ring,IMG_20250504_205114.jpg,missed,False,0.029572836801752465,0.03064371645450592,0.6037551760673523
ring,IMG_20250504_194225.jpg,1.5kg,True,0.021424167694204684,0.12371209263801575,0.869558572769165
ring,IMG_20250504_203155.jpg,missed,False,0.022897083634610748,0.34234803915023804,0.1999383568763733
ring,IMG_20250504_204320.jpg,missed,False,0.022777872923445797,0.22228246927261353,0.582491397857666
ring,IMG_20250504_210146.jpg,missed,False,0.031137184115523464,0.033402252942323685,0.4096972346305847
ring,IMG_20250504_204329.jpg,0.5kg,False,0.02447141738449491,0.15383069217205048,0.2685249447822571
ring,IMG_20250504_203736.jpg,missed,False,0.023137917587417133,0.10763556510210037,0.30023935437202454
ring,IMG_20250504_191939.jpg,missed,False,0.02774735304855787,0.32633253931999207,0.6536355018615723
ring,IMG_20250504_210302.jpg,missed,False,0.026203534430225474,0.0360623374581337,0.3028643727302551
ring,IMG_20250504_203755.jpg,0.5kg,False,0.025894897182025894,0.015399226918816566,0.10248494148254395
ring,IMG_20250504_204322.jpg,missed,False,0.025763930497303775,0.2693645656108856,0.7493485808372498
ring,IMG_20250504_193958.jpg,missed,False,0.026067487605949145,0.08198924362659454,0.22008216381072998
ring,IMG_20250504_194242.jpg,missed,False,0.023242300987797792,0.25371959805488586,0.4944833219051361
ring,IMG_20250504_210147.jpg,missed,False,0.02772363006281135,0.03578091040253639,0.610332727432251
ring,IMG_20250504_210258.jpg,missed,False,0.020888888888888887,0.09403971582651138,0.6298871040344238
ring,IMG_20250504_210255.jpg,missed,False,0.027182603133994242,0.13078556954860687,0.42298123240470886
ring,IMG_20250504_210310.jpg,missed,False,0.02062780269058296,0.03180111199617386,0.6012209057807922
ring,IMG_20250504_205432.jpg,0.5kg,False,0.03354838709677419,0.01934516243636608,0.04871445521712303
ring,IMG_20250504_210309.jpg,missed,False,0.01943127962085308,0.10216011106967926,0.7671381235122681
ring,IMG_20250504_203747.jpg,missed,False,0.02373775433308214,0.027571549639105797,0.5756368041038513
ring,IMG_20250504_194228.jpg,missed,False,0.022499657017423513,0.2679542899131775,0.6208121180534363
ring,IMG_20250504_205445.jpg,missed,False,0.03605659516202647,0.01530795730650425,0.49953603744506836
ring,IMG_20250504_193959.jpg,missed,False,0.02637504020585397,0.06846629083156586,0.3618583381175995
sham,IMG_20250504_194232.jpg,0.5kg,False,0.00782472613458529,0.19291949272155762,0.19291949272155762
sham,IMG_20250504_203737.jpg,0.5kg,False,0.007580174927113703,0.10434982180595398,0.10434982180595398
sham,IMG_20250504_205426.jpg,0.5kg,False,0.011175681716584712,0.01832490973174572,0.01832490973174572
sham,IMG_20250504_194108.jpg,0.5kg,False,0.011450381679389313,0.22644676268100739,0.22644676268100739
sham,IMG_20250504_205446.jpg,0.5kg,False,0.008888888888888889,0.01785123720765114,0.01785123720765114
sham,IMG_20250504_210306.jpg,0.5kg,False,0.005042546485975417,0.010142688639461994,0.010142688639461994
sham,IMG_20250504_203748.jpg,0.5kg,False,0.004248088360237893,0.02388220839202404,0.02388220839202404
sham,IMG_20250504_210307.jpg,0.5kg,False,0.007195477128661984,0.04239504039287567,0.04239504039287567
sham,IMG_20250504_205119.jpg,0.5kg,False,0.009339704604691572,0.02258281596004963,0.02258281596004963
sham,IMG_20250504_205439.jpg,0.5kg,False,0.008120911346717798,0.0,0.0
sham,IMG_20250504_203156.jpg,0.5kg,False,0.004742981669016793,0.3025513291358948,0.3025513291358948
sham,IMG_20250504_205430.jpg,0.5kg,False,0.008603124292506226,0.013852212578058243,0.013852212578058243
sham,IMG_20250504_205424.jpg,0.5kg,False,0.006811989100817439,0.01110319048166275,0.01110319048166275
sham,IMG_20250504_194227.jpg,0.5kg,False,0.009067179557631543,0.1477576047182083,0.1477576047182083
sham,IMG_20250504_203819.jpg,0.5kg,False,0.007231404958677686,0.30396878719329834,0.30396878719329834
sham,IMG_20250504_205111.jpg,0.5kg,False,0.014316392269148175,0.016107875853776932,0.016107875853776932
sham,IMG_20250504_194215.jpg,0.5kg,False,0.006948085998951232,0.08208996802568436,0.08208996802568436
sham,IMG_20250504_205114.jpg,0.5kg,False,0.008981380065717415,0.03064371645450592,0.03064371645450592
sham,IMG_20250504_194225.jpg,0.5kg,False,0.009556103575832305,0.12371209263801575,0.12371209263801575
sham,IMG_20250504_203155.jpg,0.5kg,False,0.0039768618944323935,0.34234803915023804,0.34234803915023804
sham,IMG_20250504_204320.jpg,0.5kg,False,0.006165439287549238,0.22228246927261353,0.22228246927261353
sham,IMG_20250504_210146.jpg,0.5kg,False,0.008574007220216607,0.033402252942323685,0.033402252942323685
sham,IMG_20250504_204329.jpg,0.5kg,False,0.009005481597494126,0.15383069217205048,0.15383069217205048
sham,IMG_20250504_203736.jpg,0.5kg,False,0.008319251267385936,0.10763556510210037,0.10763556510210037
sham,IMG_20250504_191939.jpg,0.5kg,False,0.008032128514056224,0.32633253931999207,0.32633253931999207
sham,IMG_20250504_210302.jpg,0.5kg,False,0.004875076173065204,0.0360623374581337,0.0360623374581337
sham,IMG_20250504_203755.jpg,0.5kg,False,0.007311500380807311,0.015399226918816566,0.015399226918816566
sham,IMG_20250504_204322.jpg,0.5kg,False,0.005991611743559017,0.2693645656108856,0.2693645656108856
sham,IMG_20250504_193958.jpg,0.5kg,False,0.010714856868703023,0.08198924362659454,0.08198924362659454
sham,IMG_20250504_194242.jpg,0.5kg,False,0.006246368390470656,0.25371959805488586,0.25371959805488586
sham,IMG_20250504_210147.jpg,0.5kg,False,0.007147498375568551,0.03578091040253639,0.03578091040253639
sham,IMG_20250504_210258.jpg,0.5kg,False,0.003259259259259259,0.09403971582651138,0.09403971582651138
sham,IMG_20250504_210255.jpg,0.5kg,False,0.0043172369683402625,0.13078556954860687,0.13078556954860687
sham,IMG_20250504_210310.jpg,0.5kg,False,0.004633781763826607,0.03180111199617386,0.03180111199617386
sham,IMG_20250504_205432.jpg,0.5kg,False,0.012043010752688172,0.01934516243636608,0.01934516243636608
sham,IMG_20250504_210309.jpg,0.5kg,False,0.0036334913112164298,0.10216011106967926,0.10216011106967926
sham,IMG_20250504_203747.jpg,0.5kg,False,0.004395880432052249,0.027571549639105797,0.027571549639105797
sham,IMG_20250504_194228.jpg,0.5kg,False,0.008917546988612978,0.2679542899131775,0.2679542899131775
sham,IMG_20250504_205445.jpg,0.5kg,False,0.009812870835235053,0.01530795730650425,0.01530795730650425
sham,IMG_20250504_193959.jpg,0.5kg,False,0.011418462528144097,0.06846629083156586,0.06846629083156586
whole,IMG_20250504_194232.jpg,1.5kg,True,0.008074580804811849,0.19291949272155762,0.8687801957130432
whole,IMG_20250504_203737.jpg,1.5kg,True,0.005759314401917351,0.10434982180595398,0.9209634065628052
whole,IMG_20250504_205426.jpg,missed,False,0.011275303858982493,0.01832490973174572,0.7140493988990784
whole,IMG_20250504_194108.jpg,1.5kg,True,0.008143941374778186,0.22644676268100739,0.8263871669769287
whole,IMG_20250504_205446.jpg,1.5kg,True,0.013929855000619655,0.01785123720765114,0.8283281922340393
whole,IMG_20250504_210306.jpg,missed,False,0.004512031460858968,0.010142688639461994,0.4101051688194275
whole,IMG_20250504_203748.jpg,1.5kg,True,0.0048131637128049,0.02388220839202404,0.9201967120170593
whole,IMG_20250504_210307.jpg,missed,False,0.004094257579606414,0.04239504039287567,0.6927744746208191
whole,IMG_20250504_205119.jpg,missed,False,0.004653363000858489,0.02258281596004963,0.7397379875183105
whole,IMG_20250504_205439.jpg,missed,False,0.01646099230834249,0.0,0.45796599984169006
whole,IMG_20250504_203156.jpg,1.5kg,True,0.0649775994794069,0.3025513291358948,0.9112370014190674
whole,IMG_20250504_205430.jpg,missed,False,0.010900175478319937,0.013852212578058243,0.7745093107223511
whole,IMG_20250504_205424.jpg,1.5kg,True,0.01065465690520042,0.01110319048166275,0.8446274995803833
whole,IMG_20250504_194227.jpg,1.5kg,True,0.008321193027278012,0.1477576047182083,0.812612771987915
whole,IMG_20250504_203819.jpg,1.5kg,True,0.06790157008113112,0.30396878719329834,0.8956695199012756
whole,IMG_20250504_205111.jpg,1.5kg,True,0.007749852375445058,0.016107875853776932,0.8495921492576599
whole,IMG_20250504_194215.jpg,missed,False,0.010795153459461781,0.08208996802568436,0.6864826679229736
whole,IMG_20250504_205114.jpg,1.5kg,True,0.007726099456479921,0.03064371645450592,0.8821938037872314
whole,IMG_20250504_194225.jpg,1.5kg,True,0.009275818232746548,0.12371209263801575,0.8726747632026672
whole,IMG_20250504_203155.jpg,1.5kg,True,0.06443652120264289,0.34234803915023804,0.8352352380752563
whole,IMG_20250504_204320.jpg,1.5kg,True,0.026949586240814262,0.22228246927261353,0.8947644233703613
whole,IMG_20250504_210146.jpg,1.5kg,True,0.01260026962666261,0.033402252942323685,0.8233926892280579
whole,IMG_20250504_204329.jpg,1.5kg,True,0.026100087821387008,0.15383069217205048,0.8022615313529968
whole,IMG_20250504_203736.jpg,1.5kg,True,0.005775085867833964,0.10763556510210037,0.9158065915107727
whole,IMG_20250504_191939.jpg,1.5kg,True,0.011158527515477296,0.32633253931999207,0.8726676106452942
whole,IMG_20250504_210302.jpg,missed,False,0.004674778223356422,0.0360623374581337,0.5409113168716431
whole,IMG_20250504_203755.jpg,missed,False,0.005419063374443886,0.015399226918816566,0.7237890362739563
whole,IMG_20250504_204322.jpg,1.5kg,True,0.025135525968983965,0.2693645656108856,0.9217753410339355
whole,IMG_20250504_193958.jpg,missed,False,0.011035356996025763,0.08198924362659454,0.5648519396781921
whole,IMG_20250504_194242.jpg,1.5kg,True,0.010172502722219038,0.25371959805488586,0.8351460695266724
whole,IMG_20250504_210147.jpg,missed,False,0.015592962556279295,0.03578091040253639,0.7114997506141663
whole,IMG_20250504_210258.jpg,1.5kg,True,0.013406262590939844,0.09403971582651138,0.9148055911064148
whole,IMG_20250504_210255.jpg,1.5kg,True,0.02451822931487826,0.13078556954860687,0.8964934945106506
whole,IMG_20250504_210310.jpg,missed,False,0.003942657687621923,0.03180111199617386,0.7551398873329163
whole,IMG_20250504_205432.jpg,missed,False,0.011384634990760605,0.01934516243636608,0.7967730760574341
whole,IMG_20250504_210309.jpg,missed,False,0.004180889926937358,0.10216011106967926,0.7818137407302856
whole,IMG_20250504_203747.jpg,1.5kg,True,0.005042004613978323,0.027571549639105797,0.9080682992935181
whole,IMG_20250504_194228.jpg,missed,False,0.008240980605031298,0.2679542899131775,0.7818840742111206
whole,IMG_20250504_205445.jpg,1.5kg,True,0.01699305295443784,0.01530795730650425,0.8320379257202148
whole,IMG_20250504_193959.jpg,missed,False,0.009981182454781336,0.06846629083156586,0.6880123019218445
reverse,IMG_20250504_211259.jpg,0.5kg,True,0.81328125,0.9171561002731323,0.05867214873433113
reverse,IMG_20250504_191758.jpg,missed,False,0.6902086677367576,0.8572662472724915,0.5789401531219482
reverse,IMG_20250504_204646.jpg,missed,False,0.7283142389525368,0.8814231157302856,0.5298799276351929
reverse,IMG_20250504_191529.jpg,missed,False,0.8190674113521237,0.8981475234031677,0.6764081716537476
reverse,IMG_20250504_204644.jpg,missed,False,0.7435477263416632,0.8843913078308105,0.6694617867469788
reverse,IMG_20250504_204639.jpg,missed,False,0.7318284424379232,0.8879207968711853,0.21918028593063354
reverse,IMG_20250504_210745.jpg,missed,False,0.5831494223029988,0.8951470851898193,0.31235313415527344
reverse,IMG_20250504_204636.jpg,0.5kg,True,0.7332089552238806,0.8947499990463257,0.04148520156741142
reverse,IMG_20250504_211307.jpg,0.5kg,True,0.7802045196313597,0.9177132844924927,0.10698630660772324
reverse,IMG_20250504_205033.jpg,missed,False,0.7344254730041532,0.903118371963501,0.2882622480392456
reverse,IMG_20250504_205036.jpg,0.5kg,True,0.7524405506883605,0.8306187987327576,0.04174553602933884
reverse,IMG_20250504_204638.jpg,missed,False,0.7238270846138086,0.8868494629859924,0.41502270102500916
reverse,IMG_20250504_211257.jpg,missed,False,0.8067073170731708,0.9148701429367065,0.08174915611743927
reverse,IMG_20250504_210747.jpg,missed,False,0.5837747421243379,0.9081734418869019,0.6931947469711304
reverse,IMG_20250504_205023.jpg,0.5kg,True,0.7147658525655389,0.8978222012519836,0.09876420348882675
reverse,IMG_20250504_204640.jpg,missed,False,0.7215857011915674,0.9004066586494446,0.6042407751083374
reverse,IMG_20250504_211309.jpg,0.5kg,True,0.7801427319394015,0.9204606413841248,0.08380760252475739
reverse,IMG_20250504_210748.jpg,1.5kg,False,0.5791803512780237,0.9092594981193542,0.8459300398826599
reverse,IMG_20250504_205030.jpg,missed,False,0.7403263403263404,0.8927128911018372,0.11641700565814972
keep,IMG_20250504_194704.jpg,1.5kg,True,0.02503419972640219,0.9183924794197083,0.9221333265304565
keep,IMG_20250504_195158.jpg,1.5kg,True,0.02756307423071314,0.9180925488471985,0.9025304317474365
keep,IMG_20250504_195157.jpg,1.5kg,True,0.02759472817133443,0.9196482300758362,0.9034343957901001
keep,IMG_20250504_195138.jpg,missed,False,0.0,0.8229220509529114,0.7858173251152039
keep,IMG_20250504_195140.jpg,1.5kg,True,0.0,0.8389785885810852,0.8064977526664734
keep,IMG_20250504_194705.jpg,1.5kg,True,0.02573796713683292,0.914653480052948,0.9002029895782471
keep,IMG_20250504_194056.jpg,1.5kg,True,0.022905364677516575,0.9011570811271667,0.9023247957229614
keep,IMG_20250504_195200.jpg,1.5kg,True,0.028562558211735485,0.9198588728904724,0.9078041911125183
keep,IMG_20250504_194543.jpg,1.5kg,True,0.023045953075107595,0.9343454837799072,0.9101398587226868
keep,IMG_20250504_194543_1.jpg,1.5kg,True,0.02606837606837607,0.9293162822723389,0.897684633731842
keep,IMG_20250504_194703.jpg,1.5kg,True,0.026664915276500722,0.9370579123497009,0.9319881200790405
keep,IMG_20250504_184207.jpg,1.5kg,True,0.06356777382707485,0.9206736087799072,0.9255719780921936
keep,IMG_20250504_185925.jpg,1.5kg,True,0.021894597865551767,0.815869927406311,0.8155941963195801
keep,IMG_20250504_195136.jpg,missed,False,0.0,0.8298405408859253,0.7764754891395569
keep,IMG_20250504_203053.jpg,missed,False,0.027667402501839588,0.8049082159996033,0.7943536639213562
keep,IMG_20250504_194546.jpg,1.5kg,True,0.02647186460292203,0.9287829399108887,0.8960105180740356
keep,IMG_20250504_194054.jpg,1.5kg,True,0.021503781699540266,0.8941875100135803,0.8939575552940369
